ONTOLOGY,TERM,N,DE,P.DE,FDR
BP,nervous system development,2436,1167,3.58969896999435e-48,8.17194970519215e-44
BP,neuron differentiation,1404,735,1.58946994982359e-41,1.8092141703867e-37
BP,neurogenesis,1671,841,6.55039836301863e-41,3.72799546835297e-37
BP,generation of neurons,1567,799,5.3546442355305e-41,3.72799546835297e-37
BP,system development,5012,1989,2.57576025378499e-37,8.37674031105933e-34
BP,trans-synaptic signaling,725,417,5.29682695890723e-37,1.50727832149404e-33
BP,chemical synaptic transmission,717,411,3.00947109602646e-36,6.85106095010423e-33
BP,anterograde trans-synaptic signaling,717,411,3.00947109602646e-36,6.85106095010423e-33
BP,multicellular organism development,5583,2165,5.80999561100844e-35,1.20240500076916e-31
BP,synaptic signaling,746,421,7.25680480569045e-35,1.37667634501286e-31
BP,anatomical structure morphogenesis,2802,1233,9.66803688834948e-35,1.69302199817905e-31
BP,cell development,2203,1011,3.51447250220556e-33,5.71478332233639e-30
BP,cell-cell signaling,1754,816,4.06649751239137e-33,6.17158772463931e-30
BP,multicellular organismal process,7850,2799,1.24046549608049e-32,1.76494981364202e-29
BP,anatomical structure development,6075,2312,5.60242652389408e-32,7.50230822449698e-29
BP,animal organ morphogenesis,1082,552,3.87996845713742e-31,4.90708232926297e-28
BP,sensory organ development,576,331,2.04521603922549e-30,2.45049174384044e-27
BP,cell differentiation,4316,1700,3.18655627962906e-30,3.62709768528778e-27
BP,regionalization,355,224,5.80129213098931e-30,6.28887692199865e-27
BP,pattern specification process,455,269,7.4012645941175e-29,7.65862674932204e-26
BP,cellular developmental process,4395,1715,1.99778766727488e-28,1.97737548893533e-25
BP,developmental process,6586,2446,3.22773160286392e-28,2.82612730535374e-25
BP,cell fate commitment,278,184,3.14289544219096e-28,2.82612730535374e-25
BP,central nervous system development,1033,523,1.87179467706204e-27,1.52183592226133e-24
BP,system process,2202,868,4.30230750053044e-26,3.26473434165251e-23
BP,animal organ development,3648,1433,1.47028524863011e-24,1.07971108661498e-21
BP,neuron development,1141,571,2.09425825751572e-24,1.48986841351079e-21
BP,regulation of nervous system development,956,484,4.32625590823523e-24,2.98446108336288e-21
BP,behavior,605,322,2.01432469244112e-23,1.31017433209778e-20
BP,cell projection morphogenesis,684,379,3.01330819652875e-23,1.90549891927714e-20
BP,plasma membrane bounded cell projection morphogenesis,680,377,4.00541287323613e-23,2.46441146106002e-20
BP,homophilic cell adhesion via plasma membrane adhesion molecules,168,117,7.15753497554821e-23,4.28792851890408e-20
BP,neuron projection morphogenesis,666,369,1.16275696211098e-22,6.61754056061412e-20
BP,modulation of chemical synaptic transmission,452,263,2.66310830531066e-22,1.47867464805847e-19
BP,regulation of trans-synaptic signaling,453,263,3.90083619307866e-22,2.11434609370085e-19
BP,tissue development,2100,868,5.83873994134409e-22,3.0911375526674e-19
BP,cell part morphogenesis,704,383,6.50813966593866e-22,3.36347205176748e-19
BP,regulation of neurogenesis,844,430,6.64863792354652e-22,3.36347205176748e-19
BP,cellular component morphogenesis,799,419,5.01062065043322e-21,2.42695274695983e-18
BP,cell fate specification,101,80,1.63631377246626e-20,7.76055896462384e-18
BP,cell morphogenesis,1039,518,2.63537920469528e-20,1.2243756652018e-17
BP,regulation of neuron differentiation,674,353,1.37392694924228e-19,6.13283274500012e-17
BP,neuron fate commitment,67,59,1.59143859643052e-19,6.96713454764245e-17
BP,regulation of multicellular organismal process,3385,1309,1.99673782608977e-19,8.57655407753465e-17
BP,sensory system development,392,222,2.39445967015392e-19,1.00944211835285e-16
BP,neuron projection development,1008,497,2.98645979830366e-19,1.19275012821724e-16
BP,camera-type eye development,331,194,3.46692327087209e-19,1.36076738381729e-16
BP,regulation of cell development,980,471,6.04687204545991e-19,2.3331702053372e-16
BP,cell morphogenesis involved in neuron differentiation,603,329,7.9728683053668e-19,3.02503911619458e-16
BP,eye development,382,216,9.80009984674157e-19,3.65736513132905e-16
BP,visual system development,386,217,1.61328553021521e-18,5.92362017666924e-16
BP,cell junction organization,713,367,2.03382187626652e-18,7.23436797081363e-16
BP,central nervous system neuron differentiation,192,129,3.06509685508719e-18,1.05722621069788e-15
BP,nervous system process,1406,538,5.26433463983242e-18,1.76239085405566e-15
BP,embryonic morphogenesis,601,308,5.76514628063905e-18,1.90208050838765e-15
BP,movement of cell or subcellular component,2223,909,6.44277382510184e-18,2.0657710722316e-15
BP,regulation of ion transport,701,338,6.8980908726144e-18,2.15116491390502e-15
BP,axon development,529,289,1.51373225167611e-17,4.53422561965876e-15
BP,cell morphogenesis involved in differentiation,752,388,1.60530816312648e-17,4.74608316020446e-15
BP,regulation of multicellular organismal development,2221,901,1.70074724925318e-17,4.96378347810881e-15
BP,epithelium development,1326,555,2.03906239934966e-17,5.80240694014936e-15
BP,axonogenesis,482,269,3.02860459343891e-17,8.40807116702888e-15
BP,head development,793,388,4.45210081625016e-17,1.20657232240399e-14
BP,sensory organ morphogenesis,269,160,4.77211984202476e-17,1.27808597886699e-14
BP,anterior/posterior pattern specification,219,133,5.47279349266487e-17,1.4486993472153e-14
BP,biological adhesion,1473,638,7.14494733552434e-17,1.86959455279553e-14
BP,locomotion,1944,793,8.4921362769038e-17,2.17217395891815e-14
BP,embryonic organ development,451,240,8.97292300913978e-17,2.26965102558963e-14
BP,cell adhesion,1466,635,9.18683814104423e-17,2.29822384924035e-14
BP,neuron projection guidance,285,177,1.22348392286249e-16,2.96304377701751e-14
BP,embryonic organ morphogenesis,302,174,1.93538612912867e-16,4.5421716731561e-14
BP,axon guidance,284,176,1.96990038769469e-16,4.57599819651732e-14
BP,brain development,751,368,2.42194569215481e-16,5.4706354145334e-14
BP,synapse organization,433,237,2.42712135676641e-16,5.4706354145334e-14
BP,regulation of cell differentiation,1928,794,5.9743814718974e-16,1.32045431269655e-13
BP,cell-cell adhesion via plasma-membrane adhesion molecules,277,155,8.91745691087709e-16,1.93338958643921e-13
BP,skeletal system development,513,263,9.46623146369113e-16,2.03300716293329e-13
BP,signaling,6522,2278,1.27868748363769e-15,2.69530745972334e-13
BP,embryo development,1064,483,1.35575401270128e-15,2.83153578891236e-13
BP,anatomical structure formation involved in morphogenesis,1199,515,1.41555028404415e-15,2.9295456560241e-13
BP,regulation of developmental process,2770,1083,1.54593021798917e-15,3.14224119754675e-13
BP,tissue morphogenesis,663,323,2.07563001071429e-15,4.10884497338356e-13
BP,spinal cord development,109,79,2.16296604295128e-15,4.24482085929188e-13
BP,tube development,1147,494,2.97449677488796e-15,5.73851009155292e-13
BP,forebrain development,389,212,3.53489424823746e-15,6.70598896342714e-13
BP,appendage development,180,117,3.92101473570285e-15,7.29799262409141e-13
BP,limb development,180,117,3.92101473570285e-15,7.29799262409141e-13
BP,neuropeptide signaling pathway,105,67,5.35923070451509e-15,9.83894249905532e-13
BP,cell communication,6542,2276,6.19677372165703e-15,1.11078388798049e-12
BP,neuron fate specification,34,33,6.37489919930776e-15,1.13378578337688e-12
BP,ear development,224,134,8.47776358659882e-15,1.48458683114555e-12
BP,synapse assembly,184,117,1.07782245892107e-14,1.85883547555592e-12
BP,positive regulation of developmental process,1461,611,1.07487955516062e-14,1.85883547555592e-12
BP,regulation of membrane potential,442,227,2.47448399274924e-14,4.20385284290571e-12
BP,blood circulation,552,263,2.73914905513423e-14,4.61901690667634e-12
BP,regulation of system process,623,294,3.38056180030113e-14,5.65871245469523e-12
BP,inner ear development,197,120,3.98326831202844e-14,6.61891263673923e-12
BP,neurotransmitter transport,228,137,4.49948835940514e-14,7.36912607927036e-12
BP,circulatory system process,573,271,6.25328826110623e-14,1.00961778201477e-11
BP,mesenchyme development,288,158,8.172140320826e-14,1.31013221410989e-11
BP,regulation of localization,2860,1098,9.72927245090839e-14,1.53810338433979e-11
BP,signal release,561,269,1.10264686078743e-13,1.73115557143627e-11
BP,positive regulation of nervous system development,551,274,1.32073908585229e-13,2.04534865914473e-11
BP,extracellular structure organization,392,205,1.58924600854155e-13,2.44453955300326e-11
BP,cell junction assembly,434,229,1.96938000455696e-13,3.00892186602277e-11
BP,metanephros development,91,66,2.11802245107377e-13,3.2144520732463e-11
BP,extracellular matrix organization,391,204,2.23494219509368e-13,3.34726704416498e-11
BP,locomotory behavior,198,119,4.3144178018245e-13,6.33662717796998e-11
BP,heart morphogenesis,258,144,4.36843945097948e-13,6.37484128856076e-11
BP,cell projection organization,1585,684,5.118078655353e-13,7.37424434108298e-11
BP,plasma membrane bounded cell projection organization,1543,668,7.64125284609765e-13,1.08045416795909e-10
BP,appendage morphogenesis,150,98,1.03075513921486e-12,1.43080126489185e-10
BP,limb morphogenesis,150,98,1.03075513921486e-12,1.43080126489185e-10
BP,negative regulation of developmental process,1069,440,1.37615573349162e-12,1.88724007668294e-10
BP,ion transport,1676,670,1.40750004889114e-12,1.91866698281478e-10
BP,positive regulation of cell differentiation,1030,447,1.95603594121658e-12,2.6348614320589e-10
BP,potassium ion transmembrane transport,217,123,2.18572784610111e-12,2.92694673038187e-10
BP,dorsal/ventral pattern formation,92,64,2.2203679449149e-12,2.95594598046711e-10
BP,potassium ion transport,241,133,2.47328079576331e-12,3.27350216950882e-10
BP,cation transport,1162,487,2.72595781561143e-12,3.58707685967596e-10
BP,adult behavior,137,87,3.21592930433704e-12,4.20750750650763e-10
BP,muscle structure development,678,308,4.10920667059536e-12,5.28508982237872e-10
BP,cell motility,1751,689,4.38535294162736e-12,5.54625331756372e-10
BP,localization of cell,1751,689,4.38535294162736e-12,5.54625331756372e-10
BP,circulatory system development,1194,494,4.57024564801683e-12,5.74815702635928e-10
BP,regulation of neurotransmitter levels,234,134,6.08855977270405e-12,7.53293821878302e-10
BP,camera-type eye morphogenesis,125,82,6.5334169139045e-12,8.03963438081276e-10
BP,morphogenesis of a branching structure,201,118,7.32582557316119e-12,8.91831118572269e-10
BP,diencephalon development,74,54,7.69929505461745e-12,9.27378052478129e-10
BP,tube morphogenesis,950,403,7.68996016332411e-12,9.27378052478129e-10
BP,cardiac chamber morphogenesis,131,84,1.04275711013444e-11,1.24938766380055e-09
BP,positive regulation of transcription by RNA polymerase II,1191,503,1.09211352950978e-11,1.30167353399425e-09
BP,negative regulation of nervous system development,319,170,1.24675513178394e-11,1.47824898828445e-09
BP,urogenital system development,330,173,1.27416302910063e-11,1.50291820505057e-09
BP,renal system development,292,157,1.33380565151341e-11,1.56515905446922e-09
BP,neurotransmitter secretion,174,105,1.51985815974852e-11,1.75632340135406e-09
BP,signal release from synapse,174,105,1.51985815974852e-11,1.75632340135406e-09
BP,inorganic ion transmembrane transport,852,371,1.54163857547346e-11,1.77249505912391e-09
BP,eye morphogenesis,156,96,1.69896580810993e-11,1.94356565937801e-09
BP,negative regulation of cell differentiation,758,328,1.72757183593492e-11,1.95662551467953e-09
BP,kidney epithelium development,142,90,1.86468123681141e-11,2.10145882950553e-09
BP,adenylate cyclase-modulating G protein-coupled receptor signaling pathway,232,121,2.04172750858457e-11,2.28965156319841e-09
BP,morphogenesis of a branching epithelium,187,110,2.18402868901797e-11,2.43722613262226e-09
BP,metal ion transport,902,388,2.26725631226218e-11,2.51776048529993e-09
BP,response to growth factor,741,327,2.29048950615047e-11,2.53121328191822e-09
BP,positive regulation of neurogenesis,484,238,2.46442903865239e-11,2.71027666980297e-09
BP,cellular response to growth factor stimulus,712,316,2.59402767931174e-11,2.83908846728518e-09
BP,regulation of transport,1811,715,2.70104023225897e-11,2.94206607116629e-09
BP,epithelial cell differentiation,795,318,2.73021816965733e-11,2.95968650629758e-09
BP,cyclic-nucleotide-mediated signaling,223,118,3.00024786234015e-11,3.23699727896556e-09
BP,striated muscle tissue development,388,190,4.12431376061968e-11,4.38738330656574e-09
BP,skeletal system morphogenesis,226,128,4.3704384395673e-11,4.62758284077905e-09
BP,muscle tissue development,408,198,4.40392784101771e-11,4.6414545046652e-09
BP,amine transport,99,63,4.42680866070965e-11,4.64406908576291e-09
BP,retina development in camera-type eye,150,92,4.61780185486472e-11,4.82221372596309e-09
BP,positive regulation of multicellular organismal process,1835,715,5.57512571341266e-11,5.76898803935633e-09
BP,cell migration,1581,623,5.81967023733059e-11,5.96778346634374e-09
BP,negative regulation of neurogenesis,295,157,5.95736645278052e-11,6.0544396114977e-09
BP,positive regulation of cell development,569,268,6.51172887350131e-11,6.55927025686979e-09
BP,morphogenesis of an epithelium,554,262,6.67777093974369e-11,6.69689231027600e-09
BP,negative regulation of multicellular organismal process,1378,524,7.59234021611024e-11,7.54758187859169e-09
BP,mesenchymal cell differentiation,229,125,8.33157122665065e-11,8.24644430324792e-09
BP,embryonic skeletal system development,129,82,8.64096156499512e-11,8.51564891892268e-09
BP,chemotaxis,651,293,8.87443426932756e-11,8.70803862677767e-09
BP,regulation of ion transmembrane transport,485,230,8.93553213262362e-11,8.73036004288312e-09
BP,second-messenger-mediated signaling,455,210,1.12428629641668e-10,1.08912244842237e-08
BP,taxis,653,293,1.22781139986087e-10,1.18436976770478e-08
BP,developmental growth,668,305,1.42914349161391e-10,1.36699376414246e-08
BP,cAMP-mediated signaling,198,106,1.51202119445678e-10,1.44021600384137e-08
BP,muscle organ development,405,193,1.53465204443866e-10,1.45568140798526e-08
BP,cell differentiation in spinal cord,57,44,1.59532411653616e-10,1.50695242792306e-08
BP,epithelial tube morphogenesis,331,171,2.14073792044976e-10,2.00551023699748e-08
BP,G protein-coupled receptor signaling pathway, coupled to cyclic nucleotide second messenger,260,127,2.21905426041513e-10,2.07035943599797e-08
BP,kidney development,283,149,2.40304239263977e-10,2.22379105969286e-08
BP,cation transmembrane transport,873,374,2.68124919404529e-10,2.47119991507858e-08
BP,positive regulation of neuron differentiation,379,192,3.11582685871494e-10,2.83727193754582e-08
BP,telencephalon development,257,140,3.26274022166419e-10,2.95921438829423e-08
BP,nephron epithelium development,110,71,4.00530215294272e-10,3.60398037595815e-08
BP,negative regulation of neuron differentiation,225,125,4.08548572936038e-10,3.66165679641295e-08
BP,positive regulation of synaptic transmission,172,102,4.50412771201168e-10,4.02103793584101e-08
BP,mesonephros development,103,68,5.45448917829708e-10,4.83157377991957e-08
BP,nephron development,143,87,5.92438811812972e-10,5.22746881818694e-08
BP,cartilage development,195,110,5.98144929916535e-10,5.25743989557912e-08
BP,connective tissue development,260,138,6.27889562689777e-10,5.4976561133203e-08
BP,branching morphogenesis of an epithelial tube,155,92,7.1807383255306e-10,6.26319953949057e-08
BP,regulation of biological quality,4072,1473,7.21496397059784e-10,6.26903262559771e-08
BP,ion transmembrane transport,1151,473,7.8025849228116e-10,6.72825173362901e-08
BP,embryonic limb morphogenesis,127,81,7.88209314012502e-10,6.7457086592085e-08
BP,embryonic appendage morphogenesis,127,81,7.88209314012502e-10,6.7457086592085e-08
BP,regulation of synaptic plasticity,190,110,8.70697096351845e-10,7.39605201434692e-08
BP,spinal cord patterning,24,23,9.30568250650608e-10,7.87523651526435e-08
BP,regulation of transmembrane receptor protein serine/threonine kinase signaling pathway,254,129,9.75836832267404e-10,8.22775018021017e-08
BP,ureteric bud development,98,65,1.00136289271504e-09,8.41181780540879e-08
BP,regulation of anatomical structure morphogenesis,1196,488,1.15695056413529e-09,9.64761157235896e-08
BP,neural retina development,72,50,1.26991615192611e-09,1.05125967994901e-07
BP,inorganic cation transmembrane transport,761,327,1.31534332679354e-09,1.08491995777011e-07
BP,ventral spinal cord development,49,38,1.45219563431338e-09,1.19347413773083e-07
BP,nerve development,79,55,1.55266397294373e-09,1.27145306993036e-07
BP,enzyme linked receptor protein signaling pathway,1081,449,1.57388691565635e-09,1.28421274677121e-07
BP,learning or memory,260,137,1.65400512089463e-09,1.34476523489879e-07
BP,heart development,587,266,1.88813384514255e-09,1.52965718806655e-07
BP,mesonephric epithelium development,99,65,2.17449618950842e-09,1.74304245613236e-07
BP,mesonephric tubule development,99,65,2.17449618950842e-09,1.74304245613236e-07
BP,negative regulation of cell development,342,170,2.59634148412839e-09,2.0738846977608e-07
BP,epithelial cell proliferation,453,196,2.63209688760258e-09,2.09509390371583e-07
BP,regulation of blood circulation,302,148,3.45230447591272e-09,2.71943638042052e-07
BP,regulation of cell projection organization,704,322,3.61265380227137e-09,2.83593323478302e-07
BP,regulation of amine transport,91,56,3.99716689077499e-09,3.10564860984616e-07
BP,cardiac chamber development,174,100,4.23415223031133e-09,3.2785876028244e-07
BP,regulation of neuron projection development,516,249,4.61763933201560e-09,3.56340879299441e-07
BP,regulation of blood pressure,185,95,4.65370248010146e-09,3.57910597836181e-07
BP,growth,979,410,5.02382885692048e-09,3.82499879357173e-07
BP,neuron migration,163,96,5.81357461287335e-09,4.39687794226119e-07
BP,cognition,302,152,5.90074578248984e-09,4.44802906418481e-07
BP,feeding behavior,104,59,7.1229474337686e-09,5.35161380626212e-07
BP,spinal cord dorsal/ventral patterning,22,21,7.63077838203192e-09,5.69556294645759e-07
BP,regulation of plasma membrane bounded cell projection organization,694,317,7.70571131447352e-09,5.73269666908463e-07
BP,cell population proliferation,2027,741,9.90839103448995e-09,7.29982271521566e-07
BP,reproductive structure development,441,198,1.00342162385562e-08,7.36867524744298e-07
BP,regulation of catecholamine secretion,55,38,1.03261833640041e-08,7.55869981612713e-07
BP,cell-cell adhesion,881,366,1.07481403587344e-08,7.84235305341631e-07
BP,G protein-coupled receptor signaling pathway,1309,416,1.23467157851665e-08,8.95136894424568e-07
BP,regulation of postsynaptic membrane potential,144,85,1.24810890080082e-08,9.02006321483516e-07
BP,catecholamine secretion,57,39,1.40304048178025e-08,1.01076634707998e-06
BP,muscle organ morphogenesis,83,52,1.41316175865842e-08,1.01484629135202e-06
BP,cardiac ventricle morphogenesis,73,49,1.42584351254308e-08,1.02073357116488e-06
BP,reproductive system development,445,199,1.4521132285793e-08,1.03628080403159e-06
BP,chordate embryonic development,643,283,1.69381813504213e-08,1.20499280763231e-06
BP,transmembrane receptor protein serine/threonine kinase signaling pathway,358,167,1.72732913861945e-08,1.22120024349913e-06
BP,actin-mediated cell contraction,122,72,1.72727607439264e-08,1.22120024349913e-06
BP,renal tubule development,95,61,1.76447224218392e-08,1.24359785118628e-06
BP,muscle tissue morphogenesis,76,49,1.82744528419436e-08,1.28400592267545e-06
BP,regulation of hormone levels,519,223,1.89068665319934e-08,1.3243532818487e-06
BP,regulation of synapse organization,229,122,1.97605420626764e-08,1.37990411060377e-06
BP,heart contraction,286,139,1.98656681077457e-08,1.38300285771508e-06
BP,embryo development ending in birth or egg hatching,661,289,2.0920205264579e-08,1.45197705136628e-06
BP,response to endogenous stimulus,1654,634,2.1111036064368e-08,1.4607681945451e-06
BP,regulation of synapse structure or activity,240,127,2.16306158673746e-08,1.4921847582448e-06
BP,cell fate determination,42,33,2.22102848362442e-08,1.52754421237794e-06
BP,regulation of cellular component movement,1137,447,2.27823037193724e-08,1.56216609690214e-06
BP,monovalent inorganic cation transport,541,236,2.43076243314652e-08,1.65677565241259e-06
BP,regulation of cellular response to growth factor stimulus,310,146,2.44782702525692e-08,1.6634263352231e-06
BP,digestive tract development,134,78,2.53396694090168e-08,1.71270647003384e-06
BP,catecholamine transport,72,46,2.53539240237822e-08,1.71270647003384e-06
BP,glutamate receptor signaling pathway,100,65,2.60804776690304e-08,1.75657418383277e-06
BP,respiratory system development,204,109,2.65171110299953e-08,1.78071396046561e-06
BP,regulation of secretion,699,292,2.92344444876881e-08,1.95167779695666e-06
BP,retina morphogenesis in camera-type eye,60,42,2.97611183797762e-08,1.98102883016259e-06
BP,regulation of transmembrane transport,573,251,3.01512277308586e-08,2.00114489589795e-06
BP,forebrain generation of neurons,61,44,3.21407470991221e-08,2.12698868520789e-06
BP,digestive system development,146,83,3.23575798173064e-08,2.13513131751009e-06
BP,cell surface receptor signaling pathway,3043,1106,3.29201071847687e-08,2.16597179208457e-06
BP,cell surface receptor signaling pathway involved in cell-cell signaling,625,280,3.44982549928319e-08,2.25676084744775e-06
BP,hormone secretion,312,149,3.53271040922576e-08,2.30435966951359e-06
BP,metanephric nephron development,40,31,3.60209410748596e-08,2.34290492448336e-06
BP,vasculature development,826,331,3.82854068409241e-08,2.48309768300182e-06
BP,blood vessel development,793,319,3.99330481802377e-08,2.58260182336111e-06
BP,blood vessel morphogenesis,706,284,4.68505038638581e-08,3.02139297580943e-06
BP,nephron tubule development,93,59,4.72845257694109e-08,3.04076900887186e-06
BP,memory,121,72,4.7979538543172e-08,3.07677238009947e-06
BP,ossification,409,187,4.92789285032966e-08,3.1423944184245e-06
BP,cardiac ventricle development,131,77,5.01264895660542e-08,3.18751266751739e-06
BP,cell differentiation involved in kidney development,57,41,5.19870816891167e-08,3.28746087403539e-06
BP,endocrine system development,125,73,5.73020273256001e-08,3.61351981182074e-06
BP,signal transduction,6014,2011,5.80658503831908e-08,3.65157205517497e-06
BP,cellular response to endogenous stimulus,1399,547,5.85188823022561e-08,3.66992384465802e-06
BP,regulation of cell communication,3607,1307,6.01435451585602e-08,3.76145001520501e-06
BP,regulation of heart contraction,255,125,6.06736700705683e-08,3.78420849083969e-06
BP,muscle system process,465,203,6.12379681307562e-08,3.80896815436248e-06
BP,glial cell differentiation,230,117,6.33931037663842e-08,3.93227249929628e-06
BP,monoamine transport,84,51,6.62446512023788e-08,4.0979877299515e-06
BP,roof of mouth development,91,58,6.76050735083488e-08,4.17081164882807e-06
BP,multicellular organismal signaling,205,107,6.83902704864036e-08,4.20785002060264e-06
BP,actin filament-based movement,152,86,7.05339623049489e-08,4.32804757917024e-06
BP,regulation of cell junction assembly,200,109,7.32718998085118e-08,4.45998609395928e-06
BP,renal tubule morphogenesis,77,51,7.88103223358188e-08,4.78431196793311e-06
BP,hormone transport,321,151,8.46998546954236e-08,5.11456814891597e-06
BP,sensory perception,929,296,8.53482528650721e-08,5.14008723934753e-06
BP,forebrain neuron differentiation,51,38,8.61644475448336e-08,5.17555052337239e-06
BP,regulation of signaling,3647,1319,9.50457918297393e-08,5.69399329211583e-06
BP,muscle contraction,360,164,9.66706137579618e-08,5.76425199278304e-06
BP,nephron tubule formation,18,17,9.67249840212221e-08,5.76425199278304e-06
BP,synaptic transmission, glutamatergic,96,61,9.75327114937131e-08,5.79721195079472e-06
BP,heart process,296,141,1.04855716403553e-07,6.20010489331655e-06
BP,regulation of heart rate,103,60,1.05448474471397e-07,6.21900135062525e-06
BP,regulation of locomotion,1091,423,1.12152575951585e-07,6.59729558536908e-06
BP,response to BMP,167,89,1.15684542029685e-07,6.77007352006627e-06
BP,cellular response to BMP stimulus,167,89,1.15684542029685e-07,6.77007352006627e-06
BP,ear morphogenesis,123,71,1.16972500726062e-07,6.82789481802254e-06
BP,embryonic skeletal system morphogenesis,97,60,1.27997488137662e-07,7.45233457149328e-06
BP,regulation of synapse assembly,107,65,1.32420174849028e-07,7.69016653172992e-06
BP,regulation of cell population proliferation,1746,634,1.42673652725366e-07,8.26454377682687e-06
BP,nephron epithelium morphogenesis,75,49,1.45410385865304e-07,8.40169399549151e-06
BP,regulation of morphogenesis of a branching structure,56,39,1.47371616374698e-07,8.49345530827849e-06
BP,hindbrain development,154,85,1.57980361136064e-07,9.08187606379421e-06
BP,nephron tubule morphogenesis,73,48,1.64435608731546e-07,9.4291602840646e-06
BP,specification of animal organ identity,36,29,1.70458100137239e-07,9.74994635583984e-06
BP,vesicle-mediated transport in synapse,219,115,1.71540864739935e-07,9.78728768372084e-06
BP,nephron morphogenesis,77,50,1.73408857689931e-07,9.86913161327817e-06
BP,pituitary gland development,42,31,1.74461044906123e-07,9.90425358425907e-06
BP,neural crest cell differentiation,89,56,1.81808635523613e-07,1.02957054420275e-05
BP,proximal/distal pattern formation,33,26,1.84600494018441e-07,1.0427866616203e-05
BP,regulation of secretion by cell,643,267,1.88490063959881e-07,1.06212284803136e-05
BP,multicellular organismal response to stress,76,49,2.01169084646091e-07,1.13076894122673e-05
BP,regulation of epithelial cell proliferation,395,166,2.09365934529391e-07,1.16819007342196e-05
BP,sensory perception of light stimulus,220,103,2.17080544126698e-07,1.20827349316486e-05
BP,outflow tract morphogenesis,80,51,2.20568975579031e-07,1.22469578757479e-05
BP,chondrocyte differentiation,106,65,2.36467410470384e-07,1.30977630154703e-05
BP,developmental induction,36,28,2.38086629287895e-07,1.31554420284925e-05
BP,regulation of cation transmembrane transport,345,159,2.53675538814778e-07,1.39828659591245e-05
BP,ventral spinal cord interneuron fate commitment,15,15,2.55557475569243e-07,1.40187130875514e-05
BP,cell fate commitment involved in pattern specification,15,15,2.55557475569243e-07,1.40187130875514e-05
BP,cellular response to retinoic acid,67,44,2.63884280672164e-07,1.44406866574563e-05
BP,dopamine secretion,35,27,2.79663699387683e-07,1.52001616253334e-05
BP,regulation of dopamine secretion,35,27,2.79663699387683e-07,1.52001616253334e-05
BP,mesonephric tubule morphogenesis,66,44,3.13258951378754e-07,1.69793810193746e-05
BP,cardiac muscle tissue development,231,112,3.47404439118318e-07,1.8740905347224e-05
BP,regulation of synaptic transmission, glutamatergic,73,48,3.57086366486373e-07,1.91723375779771e-05
BP,positive regulation of cell population proliferation,965,366,3.65068606084957e-07,1.95547925118213e-05
BP,muscle fiber development,60,40,3.66328249713647e-07,1.9576203297491e-05
BP,animal organ formation,65,44,3.78542766354199e-07,2.01815598970804e-05
BP,response to retinoic acid,108,62,3.92051219388793e-07,2.08529112368829e-05
BP,kidney morphogenesis,94,57,4.35908025790306e-07,2.31315762403644e-05
BP,inner ear morphogenesis,103,61,4.40343230399776e-07,2.33125898605835e-05
BP,dopamine transport,49,34,4.55579152071799e-07,2.4007544900265e-05
BP,cranial nerve development,51,36,4.67064951834012e-07,2.45559668094718e-05
BP,visual perception,216,100,4.72965189483642e-07,2.48088768170394e-05
BP,neuromuscular process,107,63,4.801629146297e-07,2.5128525865621e-05
BP,sensory perception of mechanical stimulus,173,93,4.87331968834734e-07,2.53869846007385e-05
BP,action potential,137,76,5.10648309390566e-07,2.64804299846839e-05
BP,gland development,441,198,5.40163589851251e-07,2.79473275521903e-05
BP,developmental growth involved in morphogenesis,236,122,5.95605588478863e-07,3.0745943813427e-05
BP,ureteric bud morphogenesis,65,43,6.11698358082196e-07,3.15052333071068e-05
BP,transmembrane transport,1589,597,6.54553665278179e-07,3.36363751468572e-05
BP,lung development,177,93,6.76342971445476e-07,3.4677810236388e-05
BP,adenylate cyclase-inhibiting G protein-coupled receptor signaling pathway,86,50,6.9133712981644e-07,3.53669432815084e-05
BP,synaptic vesicle exocytosis,120,69,7.31317282783542e-07,3.73283361940972e-05
BP,regulation of cartilage development,70,45,7.78638087937645e-07,3.96548010557058e-05
BP,cardiac muscle tissue morphogenesis,63,40,8.00673782731243e-07,4.06860238032963e-05
BP,adenylate cyclase-activating G protein-coupled receptor signaling pathway,146,73,8.71273378600443e-07,4.41749186277039e-05
BP,peptide hormone secretion,256,123,9.95524339207844e-07,5.02508017340722e-05
BP,ventral spinal cord interneuron differentiation,17,16,1.08243534930377e-06,5.45169042630538e-05
BP,respiratory tube development,181,94,1.13292482864599e-06,5.69338492806313e-05
BP,stem cell differentiation,263,127,1.13960799006073e-06,5.71435592372962e-05
BP,synaptic vesicle cycle,198,104,1.16776907611877e-06,5.84269516875687e-05
BP,neural crest cell development,80,50,1.20552587083093e-06,6.01837641435662e-05
BP,peripheral nervous system development,77,49,1.21187168753142e-06,6.0236373289635e-05
BP,segmentation,100,57,1.21674625650684e-06,6.03469031141137e-05
BP,mesenchymal cell development,84,52,1.26359881551348e-06,6.25344065981832e-05
BP,limbic system development,109,62,1.2780193030095e-06,6.31108664490485e-05
BP,forebrain regionalization,24,20,1.29717815063642e-06,6.39183129853639e-05
BP,branching involved in ureteric bud morphogenesis,59,39,1.34480909079915e-06,6.59796960173334e-05
BP,regulation of neurotransmitter secretion,105,61,1.34454745132548e-06,6.59796960173334e-05
BP,autonomic nervous system development,47,33,1.39545229089038e-06,6.81705394895269e-05
BP,embryonic digestive tract development,34,26,1.39366026132962e-06,6.81705394895269e-05
BP,regulation of BMP signaling pathway,93,54,1.43490428822207e-06,6.99477433005899e-05
BP,regulation of neurotransmitter receptor activity,77,49,1.54183501905199e-06,7.49997312152104e-05
BP,regulation of transcription by RNA polymerase II,2507,898,1.60171627860731e-06,7.75541909995565e-05
BP,BMP signaling pathway,154,80,1.59818793078553e-06,7.75541909995565e-05
BP,stem cell development,84,52,1.60456946895634e-06,7.75541909995565e-05
BP,fear response,41,29,1.71869398774881e-06,8.28942132014868e-05
BP,outflow tract septum morphogenesis,27,23,1.72785827413455e-06,8.31600287752074e-05
BP,muscle cell differentiation,388,171,1.73510690928737e-06,8.33327189660908e-05
BP,regulation of cation channel activity,183,92,1.74420982150323e-06,8.35935507084655e-05
BP,somite development,88,51,1.88179616283156e-06,8.99980874934041e-05
BP,cell differentiation involved in metanephros development,26,21,2.07061019601997e-06,9.86138935405747e-05
BP,sensory perception of sound,152,82,2.08971969187078e-06,9.9316218758744e-05
BP,positive regulation of blood pressure,38,25,2.12286558658802e-06,0.000100681323080576
BP,forelimb morphogenesis,41,30,2.13501337640645e-06,0.000101046942856326
BP,spinal cord motor neuron cell fate specification,13,13,2.17981321563257e-06,0.000102953211315094
BP,behavioral fear response,39,28,2.21887604431993e-06,0.000104365109811866
BP,regulation of metal ion transport,393,171,2.21693971449217e-06,0.000104365109811866
BP,regulation of animal organ formation,38,28,2.3162763160344e-06,0.000108275216292655
BP,pharyngeal system development,26,21,2.3135458464321e-06,0.000108275216292655
BP,regulation of cytosolic calcium ion concentration,354,152,2.38705222711829e-06,0.000111355008094975
BP,calcium-dependent cell-cell adhesion via plasma membrane cell adhesion molecules,43,29,2.49821806262283e-06,0.0001163025239174
BP,epithelial cell differentiation involved in kidney development,47,33,2.56315471513122e-06,0.0001190820756938
BP,regulation of cell motility,1052,402,2.66431555175425e-06,0.0001235298239016
BP,striated muscle cell differentiation,293,134,2.83482341305947e-06,0.000130902139955981
BP,dopaminergic neuron differentiation,37,27,2.89822863491182e-06,0.000133289242169227
BP,metanephros morphogenesis,33,25,2.92069732006793e-06,0.000134051763087392
BP,adult locomotory behavior,75,46,3.08200070987064e-06,0.000141170515412888
BP,positive regulation of transcription, DNA-templated,1516,581,3.91600366029547e-06,0.000178652952558369
BP,central nervous system neuron development,82,51,3.95444717594499e-06,0.000180045979920775
BP,cardiac septum morphogenesis,77,48,4.25886989186368e-06,0.000193133810932822
BP,stem cell proliferation,128,69,4.37078844230021e-06,0.000197815107135118
BP,formation of primary germ layer,126,68,4.44627312276838e-06,0.00020083215801552
BP,behavioral defense response,40,28,4.5225933153267e-06,0.000203874924402797
BP,negative regulation of transcription by RNA polymerase II,917,367,4.58376284531071e-06,0.00020622403393972
BP,positive regulation of ion transport,282,125,4.62232776980288e-06,0.000207548898776258
BP,gliogenesis,307,141,4.77788548365344e-06,0.00021369069358619
BP,parasympathetic nervous system development,19,17,4.84726372916859e-06,0.000216368546655927
BP,lymphangiogenesis,15,14,4.86175203748714e-06,0.00021659057756046
BP,morphogenesis of embryonic epithelium,151,81,4.97929134584817e-06,0.000221393686500456
BP,epithelial to mesenchymal transition,152,77,5.09679715584336e-06,0.000226176583338741
BP,endocardial cushion development,45,31,5.12342696784853e-06,0.000226915982340606
BP,regulation of neurotransmitter transport,119,66,5.20852996184551e-06,0.000230237251614394
BP,oligodendrocyte differentiation,103,58,6.10600990003073e-06,0.000268346168676061
BP,sex differentiation,278,123,6.20807562380757e-06,0.000272306053132908
BP,angiogenesis,610,237,6.27797220723849e-06,0.000274842379418816
BP,multicellular organismal homeostasis,514,217,6.36272401857639e-06,0.000278018065802095
BP,bone morphogenesis,93,55,6.86559354446675e-06,0.000299416162911467
BP,ventricular cardiac muscle tissue development,55,35,7.40526874989631e-06,0.000321719357044636
BP,chemical synaptic transmission, postsynaptic,112,63,7.47434160433816e-06,0.000324101688805254
BP,regulation of animal organ morphogenesis,254,120,7.73860545281267e-06,0.000334922724587986
BP,mesenchyme morphogenesis,52,34,7.76637955306115e-06,0.000335382753973237
BP,positive regulation of animal organ morphogenesis,85,49,7.77869949913767e-06,0.000335382753973237
BP,neuron recognition,50,35,7.81068670722678e-06,0.000336125298468842
BP,mesoderm formation,74,44,8.01382886881901e-06,0.000344216630563518
BP,mesoderm morphogenesis,76,45,8.21737793428386e-06,0.000352072217605176
BP,positive regulation of epithelial cell proliferation,211,96,8.22764857307066e-06,0.000352072217605176
BP,myotube differentiation,115,61,8.31148119699809e-06,0.0003549922503746
BP,regulation of transporter activity,287,131,8.86064530996671e-06,0.000377738933485753
BP,regulation of hormone secretion,265,122,9.03938518772227e-06,0.000383920902609137
BP,renal vesicle development,20,17,9.02758266724473e-06,0.000383920902609137
BP,phospholipase C-activating G protein-coupled receptor signaling pathway,101,51,9.60098668790043e-06,0.000407013895623935
BP,divalent inorganic cation homeostasis,507,205,9.83214105934218e-06,0.000416038459509154
BP,cellular divalent inorganic cation homeostasis,488,197,1.00909834103198e-05,0.000425409698770241
BP,organic hydroxy compound transport,268,115,1.03800173693078e-05,0.000436785758617916
BP,cardiac muscle cell action potential involved in contraction,55,35,1.05219985976338e-05,0.000441943354382164
BP,dorsal spinal cord development,22,18,1.07635525828388e-05,0.000450426975272656
BP,regulation of nervous system process,148,77,1.09174113155385e-05,0.000456027281831621
BP,cardiac muscle cell contraction,73,44,1.15742677229282e-05,0.000482579129510002
BP,regulation of chondrocyte differentiation,51,34,1.20798196045252e-05,0.000502736916447929
BP,spinal cord motor neuron differentiation,35,25,1.25226016268827e-05,0.000520213551160558
BP,cardiac right ventricle morphogenesis,20,17,1.27048708650164e-05,0.000526824016834423
BP,hindlimb morphogenesis,37,27,1.27583558706158e-05,0.000528079947990124
BP,regulation of cell morphogenesis,498,227,1.29953849669558e-05,0.000535941918066575
BP,pancreas development,79,46,1.33591845560303e-05,0.000549949071280342
BP,insulin secretion,212,103,1.42590147567563e-05,0.00058593225801003
BP,excitatory postsynaptic potential,103,58,1.47294100901477e-05,0.000602001832499485
BP,regulation of cell morphogenesis involved in differentiation,309,151,1.48729077189358e-05,0.000606777319393501
BP,neural precursor cell proliferation,154,80,1.49301092857601e-05,0.000608021355796654
BP,glomerulus development,64,40,1.5526809565216e-05,0.000630067414887956
BP,regulation of cell migration,990,376,1.57210152030914e-05,0.000636813009071843
BP,cardiac muscle contraction,139,70,1.59768966923995e-05,0.000646028513681129
BP,organ induction,24,19,1.60493546800626e-05,0.000647807729240471
BP,mesoderm development,132,67,1.6228737157059e-05,0.000653888852000793
BP,transmission of nerve impulse,72,42,1.62683933928308e-05,0.000654328578777019
BP,odontogenesis,132,69,1.68873752389744e-05,0.000676832917808542
BP,embryonic digit morphogenesis,61,39,1.73180283854489e-05,0.000691657747710076
BP,embryonic eye morphogenesis,37,27,1.81821396524914e-05,0.000724897389122533
BP,skeletal muscle organ development,166,82,1.87738199416792e-05,0.000747178340860712
BP,regulation of heart rate by cardiac conduction,38,27,2.00812739910048e-05,0.000796428924050913
BP,positive regulation of blood circulation,76,41,2.0217065342754e-05,0.000800419987004861
BP,ventral spinal cord interneuron specification,11,11,2.14084690012452e-05,0.000842554589953616
BP,cell fate specification involved in pattern specification,11,11,2.14084690012452e-05,0.000842554589953616
BP,regulation of kidney development,56,35,2.14293480159518e-05,0.000842554589953616
BP,negative regulation of amine transport,27,19,2.15573343257097e-05,0.000846125372284104
BP,renal vesicle morphogenesis,19,16,2.28191224774043e-05,0.000894108990013958
BP,regulation of glutamate receptor signaling pathway,63,40,2.29023651309014e-05,0.000895828766675208
BP,learning,145,76,2.32308105906442e-05,0.00090711732949574
BP,metanephric epithelium development,27,20,2.45035499308574e-05,0.000955176907835564
BP,regulation of transmembrane transporter activity,272,124,2.48075509888499e-05,0.000965374185061825
BP,positive regulation of kidney development,40,27,2.53324482773573e-05,0.00098411806319802
BP,preganglionic parasympathetic fiber development,17,15,2.72825782507589e-05,0.00105627192836484
BP,prostate gland morphogenesis,28,21,2.73926108235776e-05,0.00105873138437817
BP,mesenchymal cell proliferation,44,30,2.79143829208704e-05,0.00107524691572524
BP,axis elongation,30,22,2.81198825567783e-05,0.00108133298379233
BP,regulation of mesonephros development,25,19,2.84884729046288e-05,0.00109365950366589
BP,postsynapse organization,173,89,2.96775467110666e-05,0.00113547790063434
BP,endoderm development,79,45,3.0758551153223e-05,0.00117486311577705
BP,prostate gland epithelium morphogenesis,26,20,3.0904962681618e-05,0.00117847818332837
BP,myotube cell development,35,24,3.13065312885849e-05,0.00119179462338568
BP,startle response,28,21,3.15188376020956e-05,0.00119787368616312
BP,metanephric nephron morphogenesis,26,20,3.18584056092013e-05,0.00120876100615578
BP,regulation of potassium ion transport,106,55,3.33395089390543e-05,0.00126075402159065
BP,tongue development,23,18,3.45252252770899e-05,0.00130342745179594
BP,regulation of developmental growth,353,157,3.50896290620918e-05,0.00132254206224921
BP,mesodermal cell fate commitment,18,15,3.69305399056419e-05,0.00138733290586128
BP,fat-soluble vitamin metabolic process,45,27,3.71253260264988e-05,0.00139235263096087
BP,vasoconstriction,78,42,3.78283772294671e-05,0.00141638652570529
BP,regulation of behavior,70,38,3.79031556728791e-05,0.00141685605729572
BP,regulation of transcription involved in cell fate commitment,16,14,3.99030254021712e-05,0.00148916782504988
BP,neurotransmitter biosynthetic process,18,15,4.01082023292482e-05,0.00149437516534425
BP,ureter development,18,15,4.13802852635838e-05,0.0015342381010187
BP,regulation of heart morphogenesis,41,27,4.18845660035288e-05,0.00155040999198428
BP,skeletal muscle fiber development,32,22,4.2165773024105e-05,0.00155828542677557
BP,vascular process in circulatory system,190,87,4.27937801417441e-05,0.00157637605975211
BP,gastrulation,188,90,4.32545678763625e-05,0.00159077582828012
BP,regulation of ion transmembrane transporter activity,261,119,4.39929641108768e-05,0.00161532230320018
BP,embryonic skeletal joint development,15,13,4.45090884286055e-05,0.00163164154279743
BP,long-term synaptic potentiation,87,50,4.49443561419082e-05,0.00164494898323238
BP,cellular metal ion homeostasis,582,225,4.54847445030638e-05,0.00165673633377959
BP,embryonic digestive tract morphogenesis,18,15,4.72887207555139e-05,0.00171969285622887
BP,retinal ganglion cell axon guidance,20,17,4.76786826040781e-05,0.00172943841371798
BP,regulation of axonogenesis,186,97,4.7784615077031e-05,0.00172943841371798
BP,ventricular cardiac muscle tissue morphogenesis,48,30,4.77109709941006e-05,0.00172943841371798
BP,embryonic heart tube development,80,44,5.13125784429363e-05,0.00185417594960864
BP,regulation of growth,684,275,5.15755037746384e-05,0.00186072320670308
BP,embryonic heart tube morphogenesis,70,40,5.25726840245933e-05,0.00189369802503143
BP,regulation of muscle contraction,172,80,5.32777741742929e-05,0.00191606402697911
BP,positive regulation of secretion,339,143,5.48201932995717e-05,0.00196842539505481
BP,skeletal muscle tissue development,157,76,5.53459949554711e-05,0.00198417570891543
BP,regulation of ossification,210,96,5.56387053415298e-05,0.00199153321871058
BP,mesonephric tubule formation,9,9,5.97812460772439e-05,0.00213645222440888
BP,positive regulation of heart contraction,43,26,6.0799548635839e-05,0.00216943843996062
BP,nitric oxide mediated signal transduction,29,20,6.36650811143812e-05,0.00226813078492784
BP,calcium ion homeostasis,464,186,6.59328503833687e-05,0.00234159335253883
BP,regulation of peptide hormone secretion,212,100,6.58469274362738e-05,0.00234159335253883
BP,male sex differentiation,163,76,6.77556390433983e-05,0.00239884467002016
BP,positive regulation of cell junction assembly,103,56,6.8835486026702e-05,0.00243329167608365
BP,divalent metal ion transport,468,193,6.90007821998396e-05,0.00243535318880519
BP,positive regulation of nucleic acid-templated transcription,1592,596,6.95797013781171e-05,0.0024519843682242
BP,forebrain neuron fate commitment,10,10,6.99953411624829e-05,0.00246281907506016
BP,positive regulation of RNA biosynthetic process,1593,596,7.42685783715862e-05,0.00260512201329608
BP,negative regulation of blood vessel diameter,86,44,7.51756819363381e-05,0.00263288369120113
BP,chemical homeostasis,1206,439,7.74620971192465e-05,0.0027087936112437
BP,cellular calcium ion homeostasis,452,181,7.84895846758405e-05,0.0027369912177859
BP,divalent inorganic cation transport,475,195,7.85089068839971e-05,0.0027369912177859
BP,cartilage morphogenesis,12,11,7.86803853217403e-05,0.0027387751863141
BP,branch elongation of an epithelium,19,15,7.96043494410218e-05,0.00275828464996174
BP,osteoblast differentiation,230,104,8.05468566992391e-05,0.00278670090084829
BP,sensory perception of pain,106,52,8.58387015268657e-05,0.00296078490948348
BP,adenohypophysis development,13,11,8.96977612285782e-05,0.00308265621423362
BP,digestive tract morphogenesis,49,31,8.97782152443177e-05,0.00308265621423362
BP,metal ion homeostasis,653,250,8.97686334354003e-05,0.00308265621423362
BP,regulation of tube size,144,66,9.07864251588527e-05,0.00311257977220073
BP,regulation of appetite,23,16,9.32693863407452e-05,0.00319289861661213
BP,negative regulation of gastric acid secretion,7,7,9.45459990484469e-05,0.00323174124375059
BP,metanephric nephron epithelium development,23,17,9.64981333614896e-05,0.0032935232473378
BP,regulation of organic acid transport,67,36,0.000100929380337684,0.0034396068014781
BP,neural crest cell migration,56,35,0.00010163243486849,0.00345838920744571
BP,negative regulation of transmembrane receptor protein serine/threonine kinase signaling pathway,133,64,0.000102147796737384,0.00346665169213614
BP,gland morphogenesis,124,65,0.00010235063467231,0.00346728005701658
BP,embryonic camera-type eye morphogenesis,28,21,0.000104426794161696,0.00353235656625707
BP,calcium ion transport,423,176,0.000104690219811517,0.00353601313651213
BP,somitogenesis,70,39,0.000108157080787638,0.00363692163091666
BP,positive regulation of neuron projection development,289,135,0.000108055244476942,0.00363692163091666
BP,embryonic forelimb morphogenesis,33,23,0.000109719401501186,0.00368401500763199
BP,synaptic transmission, dopaminergic,27,19,0.000113132533089324,0.00379302226182396
BP,neuroblast proliferation,62,37,0.000113678871774565,0.00380573458227642
BP,regulation of epithelial to mesenchymal transition,99,51,0.000115092529953043,0.00384176164865252
BP,pattern specification involved in kidney development,8,8,0.000116431067635623,0.00386942080981745
BP,renal system pattern specification,8,8,0.000116431067635623,0.00386942080981745
BP,cell-substrate adhesion,357,162,0.000116747286899828,0.00387427403247023
BP,placenta development,156,74,0.000118676078991076,0.00392113343720153
BP,positive regulation of mesenchymal cell proliferation,25,19,0.000118674884277111,0.00392113343720153
BP,cranial nerve morphogenesis,29,21,0.000119959009016652,0.00395481495242523
BP,negative regulation of synaptic transmission,74,42,0.000120042922562084,0.00395481495242523
BP,determination of heart left/right asymmetry,69,38,0.000123383976388688,0.0040590118822088
BP,cellular ion homeostasis,674,254,0.000124342870903386,0.00408465433782911
BP,branching involved in prostate gland morphogenesis,12,11,0.000126406090938117,0.00414644763718477
BP,heart looping,64,36,0.00012721435008644,0.0041669563736947
BP,regulation of glutamate secretion,15,12,0.000134174054837521,0.0043886097103106
BP,regulation of anion transport,105,51,0.000136083984426762,0.00444469426897452
BP,metanephric tubule development,23,17,0.000136582401758671,0.00445458220062485
BP,regulation of retina development in camera-type eye,8,8,0.000137171407131709,0.00446739210780164
BP,regulation of tube diameter,143,65,0.000137953448846093,0.00448004317115735
BP,regulation of blood vessel diameter,143,65,0.000137953448846093,0.00448004317115735
BP,regulation of epithelial cell differentiation,171,75,0.00013936128308163,0.00451931568283948
BP,neurotransmitter loading into synaptic vesicle,8,8,0.000139667622641267,0.00452280715423675
BP,cation homeostasis,736,277,0.000142698527860593,0.00461439202662841
BP,cellular cation homeostasis,661,249,0.000142961858126094,0.00461634992941919
BP,striated muscle contraction,176,81,0.000144253149223606,0.00465144892645241
BP,positive regulation of mesonephros development,21,16,0.000146208706122009,0.00470118812834397
BP,artery development,102,53,0.000146926362748149,0.00471760034973429
BP,pallium development,171,84,0.000148445225106862,0.0047567178941568
BP,cardiac conduction,147,73,0.000148562548769844,0.0047567178941568
BP,reproductive behavior,30,20,0.000150573360314734,0.00481223128878674
BP,ion homeostasis,821,306,0.000150719126242256,0.00481223128878674
BP,muscle cell fate commitment,19,14,0.000150993718949227,0.00481424651523692
BP,axonal fasciculation,23,18,0.000154516617274078,0.00491280836905641
BP,neuron projection fasciculation,23,18,0.000154516617274078,0.00491280836905641
BP,cochlea development,51,31,0.000154743821255766,0.00491317028017786
BP,bone mineralization,116,58,0.000155773980439149,0.00493898978370088
BP,positive regulation of stem cell differentiation,21,16,0.00015837070091888,0.00501433797832864
BP,inorganic ion homeostasis,746,280,0.000159995697082718,0.0050587528390112
BP,reproduction,1487,515,0.000164457853557989,0.00517110916608786
BP,dendrite development,246,119,0.000165961178914354,0.00521118101791073
BP,noradrenergic neuron differentiation,7,7,0.000174207246369825,0.00545222572384033
BP,regulation of branching involved in ureteric bud morphogenesis,22,16,0.000174356262989491,0.00545222572384033
BP,transcription by RNA polymerase II,2648,919,0.000180138109421901,0.0056175946040953
BP,regulation of osteoblast differentiation,130,62,0.000185973654869883,0.00578372985397935
BP,cell communication involved in cardiac conduction,56,33,0.000187677151934432,0.00582874538033743
BP,endocardial cushion morphogenesis,35,23,0.000188001094422489,0.00583085138219068
BP,long-term memory,34,23,0.000198596512018501,0.00615108788585193
BP,positive regulation of morphogenesis of an epithelium,36,23,0.000203354829311012,0.00628137406955928
BP,regulation of muscle tissue development,156,72,0.000206187090748704,0.00636022916110333
BP,regulation of systemic arterial blood pressure,94,46,0.000208828144717522,0.00643298066913992
BP,lymph vessel development,26,19,0.000210325964681503,0.00646163371926371
BP,positive regulation of organic acid transport,40,23,0.000210112310393578,0.00646163371926371
BP,fat cell differentiation,235,103,0.000211088795328313,0.00647632941462136
BP,positive regulation of secretion by cell,312,130,0.000212195780753488,0.00650153021379968
BP,cellular chemical homeostasis,821,305,0.000212706816420404,0.00650842832770229
BP,developmental process involved in reproduction,988,356,0.000213194456441634,0.00651459302133397
BP,ganglion development,16,13,0.000213602673237662,0.00651831750168282
BP,reproductive process,1484,513,0.00021534203285627,0.00655382537162163
BP,negative regulation of secretion,189,79,0.000218122108118444,0.00662957248506858
BP,regulation of signaling receptor activity,168,77,0.000220969973381662,0.00670717525871139
BP,regulation of potassium ion transmembrane transport,90,46,0.000221683160387491,0.00671635007770337
BP,actin filament-based process,803,331,0.00022245098527619,0.00672522799443888
BP,regulation of insulin secretion,180,86,0.000226519753591911,0.00683915409883269
BP,canonical Wnt signaling pathway,338,146,0.000237600271533547,0.00714527104552338
BP,glial cell development,122,60,0.000239251787628487,0.00718544451894791
BP,regulation of Wnt signaling pathway,374,162,0.000241834106214756,0.00725343007638857
BP,epithelial tube branching involved in lung morphogenesis,29,20,0.000244392357350411,0.00732051580931856
BP,regulation of mesenchymal cell proliferation,33,23,0.000246857156326797,0.00738462965017021
BP,endocrine hormone secretion,47,26,0.000252115222586422,0.00752215339735243
BP,heart valve morphogenesis,51,32,0.000252877000008264,0.00753500642040331
BP,regulation of neural retina development,7,7,0.000255188706517872,0.00758403512255791
BP,cellular response to metal ion,192,86,0.000266828681770787,0.00791962834486568
BP,positive regulation of synapse assembly,67,38,0.000270314228425703,0.0080126346485822
BP,epidermis development,476,163,0.00027569138065354,0.00816139698384635
BP,aortic valve morphogenesis,28,20,0.000277498942783572,0.00820423822398444
BP,cardiac muscle cell action potential,74,41,0.000281353622620767,0.00830741273535897
BP,neural tube patterning,41,26,0.000283780861242837,0.00836822708056111
BP,organ growth,190,86,0.000288577494761509,0.00849866321894665
BP,telencephalon regionalization,13,11,0.000294566429726993,0.00865492126070006
BP,innervation,26,19,0.000294810066214616,0.00865492126070006
BP,metanephric nephron tubule development,20,15,0.000302184040094666,0.008842184669351
BP,regulation of striated muscle tissue development,153,70,0.00030273500577186,0.00884693505314042
BP,regulation of regulated secretory pathway,160,76,0.000315956136585825,0.00920965614516812
BP,mesenchymal to epithelial transition,20,15,0.000319729218647429,0.00929583098660118
BP,positive regulation of cellular component movement,607,233,0.000320650461471813,0.00931072417781355
BP,sympathetic nervous system development,21,16,0.000328576198332973,0.00950449447909802
BP,stem cell fate commitment,9,8,0.000335590778820247,0.00967053680992775
BP,mating behavior,23,16,0.000338728376894911,0.00974861125159626
BP,metanephric renal vesicle morphogenesis,16,13,0.00035454911438517,0.0101910487234576
BP,mechanoreceptor differentiation,66,37,0.000357602477598592,0.0102658517055888
BP,hair follicle development,87,45,0.000359365048926418,0.010303457605554
BP,presynapse organization,53,31,0.000361207395926198,0.0103432532934087
BP,positive regulation of developmental growth,187,87,0.000377010562928605,0.0107686894166495
BP,temperature homeostasis,174,81,0.000380258534254411,0.0108478515442377
BP,limb bud formation,11,10,0.000380884659803666,0.0108521142433423
BP,calcium ion-regulated exocytosis of neurotransmitter,23,17,0.000383578130578907,0.0109020708693685
BP,regulation of muscle system process,255,107,0.000383771338119276,0.0109020708693685
BP,cell-cell signaling by wnt,520,217,0.000384074712815002,0.0109020708693685
BP,regulation of muscle organ development,157,71,0.000387873696950879,0.0109961951570196
BP,inorganic cation import across plasma membrane,97,50,0.000390325040510232,0.0110381981952987
BP,inorganic ion import across plasma membrane,97,50,0.000390325040510232,0.0110381981952987
BP,molting cycle process,89,46,0.000391488192535246,0.0110436539071436
BP,hair cycle process,89,46,0.000391488192535246,0.0110436539071436
BP,olfactory bulb development,31,21,0.000396392722239586,0.0111543638093747
BP,positive regulation of embryonic development,42,26,0.000401101145616446,0.0112590229099364
BP,uterus development,21,16,0.000400711368342596,0.0112590229099364
BP,Wnt signaling pathway,518,216,0.000405878201828461,0.0113790853012622
BP,hippocampus development,81,43,0.000412156213623977,0.0115408809386837
BP,G protein-coupled glutamate receptor signaling pathway,15,13,0.000416975449869295,0.0116471731488031
BP,mesodermal cell fate specification,13,11,0.000418492083360211,0.0116752111246265
BP,epithelial tube formation,133,66,0.000422320073246203,0.0117675844154832
BP,positive regulation of locomotion,603,230,0.000432600251974133,0.01203929674351
BP,pancreatic A cell differentiation,7,7,0.000435596383092686,0.0121078774860867
BP,neural tube development,163,79,0.000437018970731646,0.0121326059374462
BP,skin development,424,144,0.000438423073755748,0.0121481050535017
BP,positive regulation of anion transport,58,30,0.000438644513682338,0.0121481050535017
BP,negative regulation of cellular response to growth factor stimulus,182,79,0.000445571472016458,0.0123249508632499
BP,male genitalia development,23,16,0.000453278995951481,0.0125229324548974
BP,lymph vessel morphogenesis,20,15,0.000460046008510806,0.0126791130553856
BP,skin epidermis development,90,46,0.000466368872961227,0.0128223277692782
BP,negative regulation of epithelial cell differentiation,54,28,0.000477960390287493,0.0131251728406451
BP,regulation of synaptic vesicle cycle,113,58,0.000480259018257083,0.0131724054826777
BP,positive regulation of fear response,7,7,0.000483800124205419,0.0132217404892393
BP,positive regulation of behavioral fear response,7,7,0.000483800124205419,0.0132217404892393
BP,odontogenesis of dentin-containing tooth,91,47,0.000486262357833261,0.0132730966139978
BP,cyclic nucleotide metabolic process,40,26,0.000489967062953542,0.0133582038181286
BP,regulation of neuronal synaptic plasticity,52,31,0.000491844353650826,0.0133933453479199
BP,metencephalon development,112,56,0.000494457880528251,0.0134323790575485
BP,muscle cell development,183,83,0.000493898792702733,0.0134323790575485
BP,positive regulation of cartilage development,31,21,0.00050050925963598,0.0135783317459846
BP,positive regulation of bone mineralization,40,25,0.000508876300587131,0.0137583954665867
BP,exocrine system development,51,30,0.000513437257522085,0.0138519022010532
BP,positive regulation of cytosolic calcium ion concentration,319,128,0.000521832912880818,0.0140586109606294
BP,cardiac septum development,114,60,0.000526600439370877,0.0141463691152484
BP,peripheral nervous system neuron differentiation,13,11,0.000526954579825637,0.0141463691152484
BP,peripheral nervous system neuron development,13,11,0.000526954579825637,0.0141463691152484
BP,positive regulation of cell projection organization,393,171,0.00052839964728674,0.0141684546177652
BP,cardiac atrium morphogenesis,30,20,0.000532461304094316,0.0142605665737731
BP,lung morphogenesis,52,30,0.000536449359260643,0.0143504931416787
BP,camera-type eye photoreceptor cell differentiation,26,17,0.000539548469640105,0.0144164564687289
BP,regulation of fear response,9,8,0.000545040797891741,0.0145291027681563
BP,regulation of behavioral fear response,9,8,0.000545040797891741,0.0145291027681563
BP,regulation of vitamin D biosynthetic process,9,8,0.000547847290873383,0.0145868345926697
BP,glomerular epithelium development,23,16,0.000549782269518325,0.0146212539317578
BP,columnar/cuboidal epithelial cell differentiation,120,59,0.000555988209902602,0.0147690450390114
BP,synaptic transmission, GABAergic,48,28,0.000570136728655968,0.015127229169992
BP,response to estradiol,140,64,0.000575613702655231,0.0152547682665266
BP,retrograde trans-synaptic signaling,11,10,0.000576964348918857,0.0152727830269044
BP,development of primary sexual characteristics,227,95,0.000588732883335807,0.0155662068398834
BP,apoptotic process involved in heart morphogenesis,6,6,0.00060381106812945,0.0159278782919663
BP,embryonic hindlimb morphogenesis,29,20,0.000608036498537647,0.0160207764921407
BP,embryonic pattern specification,70,38,0.000612568805808439,0.0161215362592244
BP,catecholamine metabolic process,54,29,0.000625805090674953,0.0164129641580822
BP,catechol-containing compound metabolic process,54,29,0.000625805090674953,0.0164129641580822
BP,glial cell fate commitment,14,11,0.000625793318131773,0.0164129641580822
BP,smooth muscle contraction,109,53,0.000627570013473171,0.016421415352548
BP,positive regulation of ossification,93,47,0.000626852117342061,0.016421415352548
BP,lens development in camera-type eye,82,42,0.000635863649630575,0.0166002706236698
BP,negative regulation of BMP signaling pathway,52,29,0.000641386276581815,0.0167061311057037
BP,regulation of synaptic vesicle exocytosis,79,42,0.000651759529732031,0.0169569207935425
BP,postsynaptic membrane organization,41,25,0.000654594305533597,0.0169965232921864
BP,dendrite extension,36,23,0.000655521522097064,0.0169965232921864
BP,adherens junction organization,67,39,0.000658512213790701,0.0170546422604611
BP,protein localization to synapse,85,47,0.000662746668813558,0.01710751881834
BP,lymphatic endothelial cell differentiation,7,7,0.000661487876366197,0.01710751881834
BP,negative regulation of animal organ morphogenesis,35,22,0.000662808328476868,0.01710751881834
BP,epithelial cell development,221,101,0.000673545003776395,0.0173649513148014
BP,mesodermal cell differentiation,35,22,0.00067717003724076,0.0173754002569427
BP,artery morphogenesis,75,38,0.000676213756705518,0.0173754002569427
BP,trabecula formation,26,17,0.000677766546372289,0.0173754002569427
BP,bone trabecula formation,10,9,0.000675643381452841,0.0173754002569427
BP,import into cell,230,104,0.000683266193170174,0.0174966871625636
BP,cardiocyte differentiation,157,71,0.000686642815450409,0.0175615847470876
BP,positive regulation of potassium ion transmembrane transport,40,23,0.000687343378416652,0.0175615847470876
BP,positive regulation of signaling,1871,668,0.00069733144975164,0.0177968054412512
BP,neuron projection extension,172,84,0.000719022648348307,0.0183298438853855
BP,glutamate secretion,45,27,0.000758771883310815,0.0193215234044415
BP,positive regulation of transmembrane receptor protein serine/threonine kinase signaling pathway,110,53,0.000760896699589047,0.0193539814146868
BP,regulation of synaptic transmission, GABAergic,35,22,0.000767126958390038,0.019425634268909
BP,renal filtration cell differentiation,19,14,0.000765559323819699,0.019425634268909
BP,glomerular visceral epithelial cell differentiation,19,14,0.000765559323819699,0.019425634268909
BP,GABAergic neuron differentiation,14,11,0.00076651706738524,0.019425634268909
BP,presynapse assembly,50,29,0.00076976979722018,0.0194708993707971
BP,response to stimulus,8964,2857,0.000778694257273624,0.0196747777656316
BP,embryonic cranial skeleton morphogenesis,48,29,0.000781259755939424,0.0197177143502893
BP,adult walking behavior,27,18,0.000790956225216926,0.0199182726405568
BP,regulation of embryonic development,133,65,0.00079066601647077,0.0199182726405568
BP,developmental maturation,285,121,0.000793349521580545,0.0199564661422996
BP,striated muscle cell development,169,76,0.000795396127943871,0.019985864075764
BP,cell growth,489,201,0.000798952473770505,0.0200486695765218
BP,endocrine process,84,39,0.000799657016274182,0.0200486695765218
BP,rostrocaudal neural tube patterning,12,10,0.000810660002553796,0.0202798625913595
BP,positive regulation of RNA metabolic process,1683,614,0.000821769241513148,0.0205126938410601
BP,positive regulation of fatty acid transport,20,13,0.000845766254945353,0.0210424795560994
BP,renal system process involved in regulation of blood volume,15,11,0.000870644549729126,0.0216377982255279
BP,positive regulation of cell communication,1864,664,0.000873692290111147,0.0216898636688989
BP,positive regulation of amine transport,38,22,0.000879357390092316,0.0218067222063743
BP,embryonic camera-type eye development,39,25,0.000884785355878335,0.0219174522595977
BP,negative regulation of hormone secretion,61,31,0.000891629322369761,0.022062979917117
BP,positive regulation of branching involved in ureteric bud morphogenesis,18,13,0.000897893969121954,0.0221938721032153
BP,mating,41,23,0.000909596772210424,0.0224344209310621
BP,dopamine metabolic process,40,23,0.000909322979360727,0.0224344209310621
BP,postsynapse assembly,31,21,0.000928957584920079,0.0228623993737358
BP,cardiac chamber formation,12,10,0.00093852771938003,0.0230729843754713
BP,glomerular basement membrane development,10,9,0.000970829178003632,0.0238413443767559
BP,heart formation,31,20,0.000985305415205996,0.0241707734667721
BP,endoderm formation,55,30,0.00101518362099804,0.0248769161808615
BP,positive regulation of potassium ion transmembrane transporter activity,26,16,0.00101892267822763,0.0249416933009161
BP,negative chemotaxis,47,29,0.00103102107002017,0.0251566930964727
BP,regulation of postsynapse organization,107,54,0.00103082517140535,0.0251566930964727
BP,midbrain dopaminergic neuron differentiation,17,13,0.00103400771614713,0.0252025542377831
BP,ovulation cycle,69,35,0.00103821076376178,0.0252779337294513
BP,regulation of vasoconstriction,60,31,0.00105498523839197,0.0256041993091613
BP,spinal cord association neuron differentiation,14,11,0.00105435305815928,0.0256041993091613
BP,regulation of insulin-like growth factor receptor signaling pathway,26,15,0.00105357155668002,0.0256041993091613
BP,catechol-containing compound biosynthetic process,21,14,0.00106214390390266,0.0257230914599405
BP,catecholamine biosynthetic process,21,14,0.00106214390390266,0.0257230914599405
BP,proteoglycan metabolic process,90,46,0.00108591536333726,0.0262707554333642
BP,positive regulation of heart rate,28,17,0.00108851557229541,0.0262778971403022
BP,amacrine cell differentiation,8,7,0.00109949227772261,0.0265147687524949
BP,tube formation,150,72,0.00111707456734453,0.0268818208515838
BP,regulation of fat cell differentiation,143,64,0.00111651082940846,0.0268818208515838
BP,somatostatin secretion,5,5,0.00112713860981196,0.0270953647860288
BP,cerebellum development,103,51,0.00113226956650222,0.0271899964993913
BP,gonad development,221,91,0.00114325879727196,0.0274249594519455
BP,metanephric glomerulus development,16,12,0.00115137794392962,0.027590651466903
BP,calcium ion transmembrane transport,309,131,0.00116171425027604,0.0277798580961493
BP,regulation of neural precursor cell proliferation,91,47,0.00116132891531477,0.0277798580961493
BP,heart valve development,60,35,0.00116864798176241,0.0278870768394352
BP,lateral sprouting from an epithelium,13,11,0.00116779166380805,0.0278870768394352
BP,regulation of epidermis development,91,42,0.0011712895744744,0.0279208451967641
BP,positive regulation of chondrocyte differentiation,20,15,0.00117518752680878,0.0279844603010479
BP,phenol-containing compound metabolic process,109,50,0.00117891468538739,0.0280438796372455
BP,sodium ion transport,239,106,0.00118740384687145,0.0282163346284223
BP,positive regulation of positive chemotaxis,25,16,0.00119976785125124,0.0284507449309733
BP,reflex,18,13,0.00120793092390847,0.0286145135096528
BP,negative regulation of neuron projection development,154,74,0.00121704599820415,0.0288004700094775
BP,positive regulation of hormone secretion,130,59,0.00122068470569596,0.028856580815336
BP,regulation of cAMP-mediated signaling,53,29,0.00122523005043141,0.0289339855789119
BP,regulation of lipid transport,135,56,0.00124383254575969,0.0293124719505376
BP,inhibitory synapse assembly,16,12,0.00124963445087686,0.0294187469226596
BP,cell-cell signaling involved in cardiac conduction,32,20,0.00125261308094639,0.0294584057724634
BP,regulation of fatty acid transport,28,17,0.00125894470976541,0.0295767557459334
BP,molting cycle,110,52,0.00126715860707484,0.0297084095675166
BP,hair cycle,110,52,0.00126715860707484,0.0297084095675166
BP,olfactory lobe development,33,21,0.00128525795101697,0.0301017461470179
BP,aortic valve development,32,21,0.00128783672619842,0.0301311439587944
BP,endodermal cell differentiation,46,26,0.00131092021892021,0.0306397318107993
BP,trabecula morphogenesis,49,28,0.00131535008855409,0.0307117382214705
BP,mammary gland formation,7,7,0.00133738675834452,0.0311623434531352
BP,activation of adenylate cyclase activity,39,23,0.00134033823919476,0.0311991820197023
BP,axon choice point recognition,7,7,0.00135907502269086,0.0314744078245752
BP,regulation of mesenchymal cell apoptotic process,12,10,0.00135897015428455,0.0314744078245752
BP,transmembrane receptor protein tyrosine kinase signaling pathway,750,291,0.00136926445662334,0.0316334867451392
BP,biomineral tissue development,161,71,0.0013715023684363,0.0316334867451392
BP,biomineralization,161,71,0.0013715023684363,0.0316334867451392
BP,heart field specification,17,13,0.00137491665469625,0.0316801393159515
BP,subpallium development,24,16,0.00139354146230387,0.032076816369411
BP,positive regulation of catecholamine secretion,13,10,0.00139838974165705,0.0321559014836593
BP,negative regulation of axonogenesis,70,39,0.00142228947265908,0.0326024914027422
BP,ureteric bud formation,6,6,0.00142353948843952,0.0326024914027422
BP,tissue remodeling,178,75,0.00143312681171787,0.03278832613281
BP,neuroepithelial cell differentiation,56,30,0.00143453427754354,0.03278832613281
BP,regulation of calcium ion transport,252,104,0.00144081147613482,0.0328987695628978
BP,embryonic epithelial tube formation,125,61,0.00144413977308882,0.0329180243354708
BP,positive regulation of cell motility,589,221,0.00144454673011796,0.0329180243354708
BP,negative regulation of signaling,1473,523,0.00147170689002323,0.0335034073513788
BP,cell-matrix adhesion,229,104,0.00147642090021853,0.033577144648826
BP,cell fate commitment involved in formation of primary germ layer,34,20,0.00147864492271567,0.0335941633389444
BP,positive regulation of cold-induced thermogenesis,97,47,0.00148295314726632,0.0336584530384025
BP,vitamin D biosynthetic process,12,9,0.00148543126224184,0.0336811182120872
BP,glomerular epithelial cell differentiation,20,14,0.00149299352522154,0.0338189030862372
BP,negative regulation of cell communication,1470,522,0.00149912101836472,0.0339239463052415
BP,regulation of cell growth,419,172,0.00154031377325027,0.0347180624238044
BP,positive regulation of phosphorus metabolic process,1175,424,0.00153975008643262,0.0347180624238044
BP,positive regulation of phosphate metabolic process,1175,424,0.00153975008643262,0.0347180624238044
BP,regulation of postsynaptic cytosolic calcium ion concentration,13,11,0.00153700769539613,0.0347180624238044
BP,dendrite morphogenesis,145,73,0.00155467450162842,0.0350070870717814
BP,norepinephrine transport,25,15,0.00155691848920001,0.0350229737219746
BP,embryonic skeletal joint morphogenesis,11,9,0.00157745875137042,0.0354499984945189
BP,postsynaptic specialization organization,34,22,0.0015836485321649,0.0355540027955955
BP,atrial cardiac muscle cell action potential,20,14,0.0015931855907907,0.0356626056778271
BP,atrial cardiac muscle cell to AV node cell signaling,20,14,0.0015931855907907,0.0356626056778271
BP,atrial cardiac muscle cell to AV node cell communication,20,14,0.0015931855907907,0.0356626056778271
BP,midbrain-hindbrain boundary development,9,8,0.00160675780071931,0.0358958207393279
BP,cellular response to transforming growth factor beta stimulus,251,106,0.00161244231977399,0.0359874994212303
BP,development of primary male sexual characteristics,141,62,0.001629521468241,0.036297510982883
BP,calcium ion import,83,42,0.0016290801032055,0.036297510982883
BP,regulation of glial cell differentiation,75,38,0.00163651386664526,0.0364176326238312
BP,gonadotropin secretion,15,10,0.00164323825484218,0.0364548559781045
BP,ventricular cardiac muscle cell action potential,37,22,0.00164454325954503,0.0364548559781045
BP,positive regulation of voltage-gated potassium channel activity,17,11,0.00164000474233881,0.0364548559781045
BP,aggressive behavior,8,7,0.00164873489777908,0.0365111380816545
BP,sodium ion transmembrane transport,173,81,0.00165934294731375,0.0366471047951064
BP,endochondral bone morphogenesis,54,31,0.00165970415303118,0.0366471047951064
BP,epithelial-mesenchymal cell signaling,6,6,0.00165837286711744,0.0366471047951064
BP,sodium ion homeostasis,52,27,0.00169274972268248,0.0373405498419251
BP,regulation of reproductive process,169,69,0.00172534209759304,0.0380226649096859
BP,salivary gland morphogenesis,35,22,0.0017581709280881,0.0386712668385754
BP,regulation of cellular process,11067,3500,0.00176592973971312,0.0388044310082713
BP,commitment of neuronal cell to specific neuron type in forebrain,7,7,0.00178962196925596,0.0392871206654887
BP,regulation of NMDA receptor activity,36,23,0.00179879914427228,0.0394505419261641
BP,positive regulation of synaptic transmission, glutamatergic,32,20,0.00180949596290716,0.0396469447503192
BP,positive regulation of neural precursor cell proliferation,54,30,0.00181168773647936,0.0396567993470699
BP,response to nicotine,43,24,0.00181879937606976,0.03976785091111
BP,negative regulation of cartilage development,30,18,0.00182025480559528,0.03976785091111
BP,positive regulation of alcohol biosynthetic process,28,17,0.00183606180103779,0.0400511690990804
BP,semi-lunar valve development,37,23,0.00184599935685017,0.0401760758687324
BP,branching involved in salivary gland morphogenesis,23,16,0.00185004141371034,0.0402255900507315
BP,cardioblast differentiation,19,14,0.00185473140267115,0.040289084333787
BP,negative regulation of osteoblast differentiation,53,27,0.0018584638556265,0.0403316774769659
BP,regulation of striated muscle contraction,97,46,0.001862579581962,0.0403824992222524
BP,corticosterone secretion,5,5,0.00189357752278709,0.0410155017185996
BP,neuron fate determination,8,7,0.00191541217467653,0.0414490096544784
BP,cellular response to stimulus,7472,2404,0.00193999718396797,0.0419411546942363
BP,atrial septum morphogenesis,16,12,0.00194222501237236,0.0419494804617237
BP,axis specification,88,43,0.00195913444129689,0.0422745929441931
BP,response to transforming growth factor beta,257,108,0.00196347340362297,0.0423280985165501
BP,positive regulation of epidermis development,44,23,0.00197624082546759,0.0425227999922208
BP,cardiac neural crest cell development involved in outflow tract morphogenesis,9,8,0.00197945899164821,0.0425518261991233
BP,regulation of positive chemotaxis,26,16,0.00199232330963002,0.0427476344427215
BP,endothelial cell proliferation,199,75,0.00200429235392434,0.0429639505057322
BP,forebrain ventricular zone progenitor cell division,6,6,0.00203330314349125,0.0435448222592458
BP,positive regulation of heart rate by epinephrine-norepinephrine,6,6,0.00204401414416685,0.0437330657819158
BP,cornification,113,41,0.0020561118298483,0.0439505970014053
BP,eye photoreceptor cell differentiation,46,25,0.00206338701277048,0.0440315952327927
BP,olfactory bulb interneuron differentiation,12,10,0.00206376947565956,0.0440315952327927
BP,positive regulation of transporter activity,114,53,0.00206606562877382,0.0440393108979738
BP,chloride transport,111,52,0.00208071762265528,0.0442687258689228
BP,bone development,202,92,0.0020858314494206,0.0443360905191969
BP,male gonad development,140,61,0.00209937964240591,0.0445508976206875
BP,negative regulation of growth,254,108,0.00209985122543368,0.0445508976206875
BP,negative regulation of peptide hormone secretion,42,23,0.00210497609642632,0.0446180454703401
BP,retina layer formation,25,17,0.00212918491389047,0.045089204246248
BP,renal system process,121,56,0.00215141803024827,0.045517687229184
BP,negative regulation of neuron apoptotic process,149,67,0.00216596045486978,0.0457403430010302
BP,metanephric tubule formation,6,6,0.0021654022630774,0.0457403430010302
BP,protein localization to cell junction,105,54,0.00218440097706409,0.0460870141268435
BP,lipid export from cell,40,21,0.00221990108906112,0.0467493508718561
BP,floor plate development,8,7,0.00224984701630743,0.0473361990076142
BP,response to organic cyclic compound,937,339,0.00231540109470804,0.048580742784358
BP,synaptic transmission, cholinergic,30,17,0.00233180233408301,0.0488798159626148
BP,photoreceptor cell differentiation,63,32,0.00234678279302408,0.0491485835171971
BP,negative regulation of apoptotic process involved in morphogenesis,6,6,0.00235219249450242,0.0491714069213476
BP,negative regulation of apoptotic process involved in development,6,6,0.00235219249450242,0.0491714069213476
BP,specification of symmetry,135,60,0.00235652580390585,0.0492167980971712
BP,regulation of presynapse assembly,35,21,0.00236134297057799,0.049272202314581
BP,regulation of exocytosis,220,95,0.00236580061462597,0.0493200100658976
BP,adult feeding behavior,12,8,0.00237807254605533,0.0494852116187838
BP,positive regulation of behavior,27,16,0.00238047077709492,0.0494898787585076
BP,neurotrophin TRK receptor signaling pathway,33,20,0.00238471772583587,0.0495329370699394
BP,cranial skeletal system development,68,36,0.00240606657895142,0.0499308164720411
BP,adenylate cyclase-inhibiting serotonin receptor signaling pathway,7,6,0.0024108538048483,0.0499845964183711
